0,ジミンジョンクロス,Textures/Chara/1
1,aespa,Textures/Chara/2
2,ニンニン,Textures/Chara/3
3,内永冬子,Textures/Chara/4
4,ニンニン,Textures/Chara/5
5,aespa,Textures/Chara/6
6,ウィンター,Textures/Chara/7
7,オンニズ,Textures/Chara/8
8,マンネズ,Textures/Chara/9
9,ジミンジョン,Textures/Chara/10
10,aespa,Textures/Chara/11
11,aespa,Textures/Chara/12
12,aespa,Textures/Chara/13
13,aespa,Textures/Chara/14
14,オンニズ,Textures/Chara/15
15,ジゼル,Textures/Chara/16
16,ジゼル,Textures/Chara/17
17,ジミンジョン,Textures/Chara/18
18,カリナ,Textures/Chara/19
19,ニンニン,Textures/Chara/20
20,ニンニン,Textures/Chara/21
21,ニンニン,Textures/Chara/22
22,ニンニン,Textures/Chara/23
23,ウィンター,Textures/Chara/24
24,ニンニン,Textures/Chara/25
25,カリナ,Textures/Chara/26
26,ジゼル,Textures/Chara/27
27,ニンニン,Textures/Chara/28
28,ウィンター,Textures/Chara/29
29,ウィンター,Textures/Chara/30
30,カリナ,Textures/Chara/31
31,カリナ,Textures/Chara/32
